1582445202,11
1582445202,20012
1582445202,30013
1582445202,10014
1582445202,40015
1582445202,60016
1582445202,50017
1582445202,80018
1582445202,70019
1582445202,90020
1582445203,20022
1582445203,21
1582445203,40023
1582445203,30024
1582445203,60026
1582445203,10025
1582445203,50027
1582445203,80027
1582445203,70028
1582445203,90029
1582445204,60030
1582445204,30
1582445204,30032
1582445204,10033
1582445204,20034
1582445204,40031
1582445204,80035
1582445204,50036
1582445204,70037
1582445204,90038
1582445205,50039
1582445205,40
1582445205,60041
1582445205,80042
1582445205,40043
1582445205,20044
1582445205,30045
1582445205,10040
1582445205,70046
1582445205,90047
1582445206,60049
1582445206,30050
1582445206,80048
1582445206,20051
1582445206,52
1582445206,50053
1582445206,90054
1582445206,40055
1582445206,10056
1582445206,70057
1582445207,80058
1582445207,60059
1582445207,30060
1582445207,10061
1582445207,70063
1582445207,20062
1582445207,90065
1582445207,40064
1582445207,50066
1582445207,67
1582445208,80068
1582445208,60070
1582445208,40071
1582445208,30072
1582445208,20069
1582445208,50073
1582445208,10074
1582445208,75
1582445208,70076
1582445208,90077
1582445209,80078
1582445209,79
1582445209,30080
1582445209,10083
1582445209,50084
1582445209,70085
1582445209,40082
1582445209,90086
1582445209,60087
1582445209,20081
1582445210,80088
1582445210,89
1582445210,50090
1582445210,10091
1582445210,90092
1582445210,40093
1582445210,70094
1582445210,60095
1582445210,30096
1582445210,20097
1582445211,60098
1582445211,90099
1582445211,20103
1582445211,50104
1582445211,30105
1582445211,10100
1582445211,106
1582445211,80101
1582445211,70102
1582445211,40107
1582445212,60108
1582445212,20109
1582445212,30110
1582445212,80111
1582445212,10112
1582445212,113
1582445212,70114
1582445212,90115
1582445212,50116
1582445212,40117
1582445213,60118
1582445213,50119
1582445213,10120
1582445213,70121
1582445213,80122
1582445213,123
1582445213,40124
1582445213,30126
1582445213,90127
1582445213,20125
1582445201,1
1582445201,10002
1582445201,30003
1582445201,20004
1582445201,40005
1582445201,60006
1582445201,50007
1582445201,70008
1582445201,80009
1582445201,90010
1582445214,128
1582445214,80129
1582445214,50130
1582445214,10131
1582445214,60132
1582445214,70133
1582445214,30134
1582445214,90135
1582445214,40136
1582445214,20137
1582445215,50138
1582445215,80138
1582445215,139
1582445215,30140
1582445215,90141
1582445215,60142
1582445215,10143
1582445215,70144
1582445215,40145
1582445215,20146
1582445216,80147
1582445216,70148
1582445216,30149
1582445216,10150
1582445216,60151
1582445216,20152
1582445216,50153
1582445216,154
1582445216,90155
1582445216,40156
1582445217,70157
1582445217,80158
1582445217,90159
1582445217,60160
1582445217,20161
1582445217,50162
1582445217,10163
1582445217,165
1582445217,30164
1582445217,40166
1582445218,60167
1582445218,10169
1582445218,70168
1582445218,20170
1582445218,80171
1582445218,90172
1582445218,50173
1582445218,174
1582445218,30175
1582445218,40176
1582445219,70177
1582445219,178
1582445219,60179
1582445219,10181
1582445219,30180
1582445219,20182
1582445219,80183
1582445219,90184
1582445219,50185
1582445219,40186
1582445220,70187
1582445220,60188
1582445220,189
1582445220,20190
1582445220,90191
1582445220,50192
1582445220,80193
1582445220,10194
1582445220,30195
1582445220,40196
1582445221,70197
1582445221,60198
1582445221,199
1582445221,90200
1582445221,80201
1582445221,30202
1582445221,50203
1582445221,10204
1582445221,20205
1582445221,40206
1582445222,70207
1582445222,60208
1582445222,210
1582445222,80211
1582445222,30209
1582445222,50212
1582445222,10213
1582445222,20214
1582445222,90215
1582445222,40216
1582445223,70217
1582445223,20220
1582445223,30218
1582445223,60219
1582445223,221
1582445223,90222
1582445223,10223
1582445223,50224
1582445223,80225
1582445223,40226
1582445224,80227
1582445224,30228
1582445224,70229
1582445224,50230
1582445224,60231
1582445224,90232
1582445224,233
1582445224,20234
1582445224,10235
1582445224,40236
1582445225,80237
1582445225,20238
1582445225,70239
1582445225,30240
1582445225,241
1582445225,60242
1582445225,10243
1582445225,50244
1582445225,90245
1582445225,40246
1582445226,70247
1582445226,20248
1582445226,30249
1582445226,10250
1582445226,90251
1582445226,60252
1582445226,50253
1582445226,40255
1582445226,80254
1582445226,256
1582445227,50257
1582445227,10258
1582445227,259
1582445227,70260
1582445227,20261
1582445227,80262
1582445227,30263
1582445227,60264
1582445227,40266
1582445227,90265
1582445228,10267
1582445228,50268
1582445228,30269
1582445228,60270
1582445228,271
1582445228,70272
1582445228,90273
1582445228,80274
1582445228,20275
1582445228,40276
1582445229,10277
1582445229,50278
1582445229,80279
1582445229,60280
1582445229,70281
1582445229,30282
1582445229,20283
1582445229,284
1582445229,40285
1582445229,90286
1582445230,10287
1582445230,80288
1582445230,60289
1582445230,20290
1582445230,50291
1582445230,90292
1582445230,294
1582445230,30293
1582445230,70295
1582445230,40296
1582445231,10297
1582445231,298
1582445231,60299
1582445231,30300
1582445231,20301
1582445231,70302
1582445231,80303
1582445231,50304
1582445231,90305
1582445231,40306
1582445232,50307
1582445232,308
1582445232,60309
1582445232,10310
1582445232,70311
1582445232,90312
1582445232,30313
1582445232,80314
1582445232,20315
1582445232,40316
1582445233,50317
1582445233,20318
1582445233,80319
1582445233,90320
1582445233,60321
1582445233,10322
1582445233,70323
1582445233,30324
1582445233,325
1582445233,40326
1582445234,50327
1582445234,10328
1582445234,80329
1582445234,20331
1582445234,40330
1582445234,30332
1582445234,333
1582445234,90334
1582445234,70335
1582445234,60336
1582445235,50337
1582445235,338
1582445235,20339
1582445235,30340
1582445235,60341
1582445235,70342
1582445235,80343
1582445235,10344
1582445235,90345
1582445235,40346
1582445236,20347
1582445236,50349
1582445236,350
1582445236,30348
1582445236,90351
1582445236,60352
1582445236,10353
1582445236,70354
1582445236,80355
1582445236,40356
1582445237,30357
1582445237,60358
1582445237,20359
1582445237,80360
1582445237,50361
1582445237,10362
1582445237,70363
1582445237,90364
1582445237,365
1582445237,40366
1582445238,60367
1582445238,30368
1582445238,50369
1582445238,80370
1582445238,90371
1582445238,20372
1582445238,373
1582445238,10374
1582445238,70375
1582445238,40376
1582445239,60377
1582445239,90378
1582445239,30379
1582445239,40380
1582445239,381
1582445239,80382
1582445239,50383
1582445239,20384
1582445239,10385
1582445239,70386
1582445240,90387
1582445240,30388
1582445240,80389
1582445240,20390
1582445240,10391
1582445240,392
1582445240,60393
1582445240,50394
1582445240,40395
1582445240,70396
1582445241,90397
1582445241,60398
1582445241,50399
1582445241,80400
1582445241,30401
1582445241,402
1582445241,10403
1582445241,40403
1582445241,70404
1582445241,20405
1582445242,50406
1582445242,80407
1582445242,60408
1582445242,70410
1582445242,30411
1582445242,10409
1582445242,412
1582445242,20413
1582445242,90414
1582445242,40415
1582445243,50416
1582445243,10417
1582445243,70418
1582445243,20419
1582445243,90420
1582445243,40421
1582445243,60422
1582445243,30423
1582445243,424
1582445243,80425
1582445244,10428
1582445244,50427
1582445244,30429
1582445244,80430
1582445244,70431
1582445244,90432
1582445244,40426
1582445244,60433
1582445244,434
1582445244,20435
1582445245,20436
1582445245,437
1582445245,10438
1582445245,50439
1582445245,80440
1582445245,90441
1582445245,30443
1582445245,60442
1582445245,70444
1582445245,40445
1582445246,446
1582445246,40447
1582445246,20448
1582445246,80450
1582445246,30449
1582445246,60451
1582445246,50452
1582445246,90453
1582445246,10454
1582445246,70455
1582445247,30456
1582445247,80458
1582445247,40457
1582445247,60459
1582445247,20460
1582445247,10461
1582445247,50462
1582445247,463
1582445247,70464
1582445247,90465
1582445248,30466
1582445248,40467
1582445248,60468
1582445248,469
1582445248,50470
1582445248,10471
1582445248,20472
1582445248,80473
1582445248,70474
1582445248,90475
1582445249,60476
1582445249,40477
1582445249,50479
1582445249,480
1582445249,30478
1582445249,80481
1582445249,20482
1582445249,10483
1582445249,70484
1582445249,90485
1582445250,40486
1582445250,60487
1582445250,20488
1582445250,489
1582445250,10490
1582445250,80491
1582445250,50492
1582445250,30493
1582445250,70494
1582445250,90495
1582445251,60496
1582445251,20498
1582445251,30499
1582445251,10500
1582445251,80501
1582445251,40497
1582445251,50502
1582445251,503
1582445251,70504
1582445251,90505
1582445252,20506
1582445252,40508
1582445252,30509
1582445252,60507
1582445252,510
1582445252,50511
1582445252,80512
1582445252,10513
1582445252,70514
1582445252,90515
1582445253,40516
1582445253,20517
1582445253,518
1582445253,80519
1582445253,10520
1582445253,60521
1582445253,30522
1582445253,50523
1582445253,70524
1582445253,90525
1582445254,20526
1582445254,80527
1582445254,528
1582445254,30529
1582445254,40530
1582445254,60531
1582445254,10532
1582445254,50533
1582445254,70534
1582445254,90535
1582445255,20536
1582445255,40537
1582445255,70538
1582445255,539
1582445255,50540
1582445255,80541
1582445255,60542
1582445255,10543
1582445255,30544
1582445255,90545
1582445256,20546
1582445256,547
1582445256,70548
1582445256,40549
1582445256,30550
1582445256,50551
1582445256,60552
1582445256,10553
1582445256,80554
1582445256,90555
1582445257,70557
1582445257,20556
1582445257,50558
1582445257,80559
1582445257,560
1582445257,30561
1582445257,40562
1582445257,60563
1582445257,10564
1582445257,90565
1582445258,50566
1582445258,20567
1582445258,30568
1582445258,80569
1582445258,40570
1582445258,70571
1582445258,572
1582445258,60573
1582445258,10574
1582445258,90575
1582445259,20576
1582445259,50577
1582445259,80578
1582445259,70580
1582445259,60581
1582445259,40582
1582445259,583
1582445259,30579
1582445259,10584
1582445259,90585
1582445260,40586
1582445260,60587
1582445260,20588
1582445260,80589
1582445260,590
1582445260,50591
1582445260,30592
1582445260,70593
1582445260,10594
1582445260,90595
1582445261,20596
1582445261,40597
1582445261,30598
1582445261,80599
1582445261,60600
1582445261,50601
1582445261,70602
1582445261,603
1582445261,10604
1582445261,90605
1582445262,60606
1582445262,608
1582445262,30610
1582445262,40609
1582445262,10611
1582445262,80612
1582445262,20607
1582445262,50613
1582445262,70614
1582445262,90615
1582445263,10616
1582445263,30617
1582445263,617
1582445263,40618
1582445263,60619
1582445263,80620
1582445263,50621
1582445263,70622
1582445263,20623
1582445263,90624
1582445264,60625
1582445264,30626
1582445264,10627
1582445264,40628
1582445264,50629
1582445264,70630
1582445264,631
1582445264,20632
1582445264,80633
1582445264,90634
1582445265,10635
1582445265,50636
1582445265,30637
1582445265,60638
1582445265,639
1582445265,20640
1582445265,40641
1582445265,80642
1582445265,70643
1582445265,90644
1582445266,10645
1582445266,50646
1582445266,647
1582445266,80649
1582445266,60648
1582445266,30650
1582445266,40651
1582445266,70652
1582445266,20653
1582445266,90654
1582445267,10655
1582445267,60656
1582445267,50658
1582445267,30657
1582445267,20660
1582445267,70661
1582445267,40659
1582445267,662
1582445267,80663
1582445267,90664
1582445268,10665
1582445268,20666
1582445268,60667
1582445268,668
1582445268,80669
1582445268,30670
1582445268,50671
1582445268,70672
1582445268,40673
1582445268,90674
1582445269,20675
1582445269,10676
1582445269,80677
1582445269,60678
1582445269,30679
1582445269,680
1582445269,50681
1582445269,40682
1582445269,70683
1582445269,90684
1582445270,20685
1582445270,50686
1582445270,40687
1582445270,60688
1582445270,689
1582445270,10690
1582445270,30691
1582445270,80692
1582445270,70693
1582445270,90694
1582445271,60695
1582445271,20696
1582445271,40697
1582445271,80698
1582445271,699
1582445271,10700
1582445271,30701
1582445271,50702
1582445271,70703
1582445271,90704
1582445272,20705
1582445272,10708
1582445272,70709
1582445272,40710
1582445272,60706
1582445272,711
1582445272,80707
1582445272,30712
1582445272,50713
1582445272,90714
1582445273,20715
1582445273,80716
1582445273,50717
1582445273,60718
1582445273,40719
1582445273,70720
1582445273,721
1582445273,10722
1582445273,30723
1582445273,90724
1582445274,20725
1582445274,726
1582445274,80728
1582445274,50727
1582445274,40729
1582445274,10731
1582445274,60730
1582445274,70732
1582445274,30733
1582445274,90734
1582445275,50735
1582445275,736
1582445275,20737
1582445275,40738
1582445275,70739
1582445275,10740
1582445275,80741
1582445275,60742
1582445275,30743
1582445275,90744
1582445276,50745
1582445276,746
1582445276,20747
1582445276,40748
1582445276,10749
1582445276,70750
1582445276,60751
1582445276,80752
1582445276,30753
1582445276,90754
1582445277,755
1582445277,80756
1582445277,40757
1582445277,20758
1582445277,10759
1582445277,60760
1582445277,50761
1582445277,70762
1582445277,30763
1582445277,90764
1582445278,765
1582445278,80766
1582445278,60767
1582445278,50768
1582445278,70769
1582445278,40770
1582445278,30772
1582445278,10773
1582445278,20771
1582445278,90774
1582445279,775
1582445279,70776
1582445279,80777
1582445279,60778
1582445279,10779
1582445279,50780
1582445279,30781
1582445279,40782
1582445279,90783
1582445279,20784
1582445280,70785
1582445280,80787
1582445280,786
1582445280,60788
1582445280,50789
1582445280,10790
1582445280,40791
1582445280,20792
1582445280,30793
1582445280,90794
1582445281,80795
1582445281,60796
1582445281,797
1582445281,70798
1582445281,20799
1582445281,40800
1582445281,10801
1582445281,50803
1582445281,30802
1582445281,90804
1582445282,60805
1582445282,806
1582445282,20807
1582445282,80808
1582445282,10809
1582445282,70810
1582445282,40811
1582445282,50812
1582445282,30813
1582445282,90814
1582445283,20815
1582445283,60816
1582445283,816
1582445283,80817
1582445283,50818
1582445283,10819
1582445283,30820
1582445283,70821
1582445283,40822
1582445283,90823
1582445284,824
1582445284,20825
1582445284,80826
1582445284,40827
1582445284,70828
1582445284,10829
1582445284,60831
1582445284,30830
1582445284,50832
1582445284,90833
1582445285,20834
1582445285,40835
1582445285,80836
1582445285,837
1582445285,60838
1582445285,70839
1582445285,50840
1582445285,30841
1582445285,10842
1582445285,90843
1582445286,20844
1582445286,40845
1582445286,846
1582445286,60847
1582445286,80848
1582445286,10849
1582445286,50850
1582445286,30851
1582445286,70852
1582445286,90853
1582445287,20854
1582445287,70855
1582445287,80856
1582445287,50857
1582445287,858
1582445287,60859
1582445287,30860
1582445287,40861
1582445287,10862
1582445287,90863
1582445288,20864
1582445288,865
1582445288,80867
1582445288,70866
1582445288,30868
1582445288,50869
1582445288,60870
1582445288,40871
1582445288,10872
1582445288,90873
1582445289,80874
1582445289,30875
1582445289,40876
1582445289,60877
1582445289,20878
1582445289,90880
1582445289,879
1582445289,50881
1582445289,10882
1582445289,70883
1582445290,20884
1582445290,30885
1582445290,90888
1582445290,50887
1582445290,80886
1582445290,40889
1582445290,60890
1582445290,10891
1582445290,70892
1582445290,893
1582445291,30894
1582445291,80898
1582445291,20896
1582445291,50895
1582445291,40899
1582445291,90900
1582445291,70897
1582445291,10901
1582445291,902
1582445291,60903
1582445292,30905
1582445292,70906
1582445292,50908
1582445292,907
1582445292,20909
1582445292,10910
1582445292,40911
1582445292,60912
1582445292,90913
1582445292,80904
1582445293,30914
1582445293,20916
1582445293,917
1582445293,50915
1582445293,90918
1582445293,70919
1582445293,60920
1582445293,10921
1582445293,40922
1582445293,80923
1582445294,30924
1582445294,925
1582445294,50926
1582445294,10927
1582445294,60928
1582445294,90929
1582445294,70930
1582445294,20931
1582445294,40932
1582445294,80933
1582445295,30934
1582445295,935
1582445295,10936
1582445295,60937
1582445295,90938
1582445295,40939
1582445295,70940
1582445295,50941
1582445295,20942
1582445295,80943
1582445296,30944
1582445296,946
1582445296,10945
1582445296,60947
1582445296,90948
1582445296,70949
1582445296,40950
1582445296,50951
1582445296,20952
1582445296,80953
1582445297,10954
1582445297,40955
1582445297,50956
1582445297,30957
1582445297,60958
1582445297,90960
1582445297,959
1582445297,80961
1582445297,20962
1582445297,70963
1582445298,10964
1582445298,60965
1582445298,50966
1582445298,40967
1582445298,30968
1582445298,969
1582445298,20970
1582445298,90971
1582445298,70972
1582445298,80973
1582445299,60974
1582445299,40975
1582445299,30978
1582445299,50976
1582445299,977
1582445299,10977
1582445299,20979
1582445299,90980
1582445299,70981
1582445299,80982
1582445300,60983
1582445300,984
1582445300,30985
1582445300,40986
1582445300,90987
1582445300,50988
1582445300,80989
1582445300,70990
1582445300,20991
1582445300,10992
1582445301,60993
1582445301,994
1582445301,50995
1582445301,30996
1582445301,20997
1582445301,40998
1582445301,90999
1582445301,11000
1582445301,81001
1582445301,71002
1582445302,61003
1582445302,21004
1582445302,1005
1582445302,91006
1582445302,31007
1582445302,71009
1582445302,81008
1582445302,51010
1582445302,11011
1582445302,41012
1582445303,61013
1582445303,31014
1582445303,21015
1582445303,51016
1582445303,91017
1582445303,1018
1582445303,11019
1582445303,71020
1582445303,41021
1582445303,81022
1582445304,61023
1582445304,21024
1582445304,1025
1582445304,41026
1582445304,51027
1582445304,91028
1582445304,31029
1582445304,71030
1582445304,11031
1582445304,81032
1582445305,61033
1582445305,91034
1582445305,21035
1582445305,41036
1582445305,1037
1582445305,31038
1582445305,11039
1582445305,51040
1582445305,71041
1582445305,81042
1582445306,91044
1582445306,41046
1582445306,11045
1582445306,61043
1582445306,1047
1582445306,31047
1582445306,51048
1582445306,21049
1582445306,71050
1582445306,81051
1582445307,61052
1582445307,91053
1582445307,1054
1582445307,11055
1582445307,51056
1582445307,21057
1582445307,31058
1582445307,41059
1582445307,71060
1582445307,81061
1582445308,61062
1582445308,1063
1582445308,31064
1582445308,41065
1582445308,11066
1582445308,51067
1582445308,91068
1582445308,21069
1582445308,71070
1582445308,81071
1582445309,61072
1582445309,91075
1582445309,1073
1582445309,11074
1582445309,41076
1582445309,21077
1582445309,31078
1582445309,51079
1582445309,71080
1582445309,81081
1582445310,61082
1582445310,21083
1582445310,91084
1582445310,1085
1582445310,11086
1582445310,51087
1582445310,31088
1582445310,41089
1582445310,71090
1582445310,81091
1582445311,61092
1582445311,21093
1582445311,51094
1582445311,11095
1582445311,1096
1582445311,41097
1582445311,31098
1582445311,91099
1582445311,71100
1582445311,81101
1582445312,51102
1582445312,21103
1582445312,1104
1582445312,91105
1582445312,41106
1582445312,11107
1582445312,31108
1582445312,61109
1582445312,71110
1582445312,81111
1582445313,51112
1582445313,1113
1582445313,41114
1582445313,61115
1582445313,21113
1582445313,91116
1582445313,31117
1582445313,11118
1582445313,71119
1582445313,81120
1582445314,51121
1582445314,11123
1582445314,1124
1582445314,21125
1582445314,91126
1582445314,31127
1582445314,61122
1582445314,41128
1582445314,71129
1582445314,81130
1582445315,11131
1582445315,31132
1582445315,51133
1582445315,61134
1582445315,21135
1582445315,91136
1582445315,1137
1582445315,41138
1582445315,71139
1582445315,81140
1582445316,11141
1582445316,51142
1582445316,61143
1582445316,91144
1582445316,21147
1582445316,1146
1582445316,31145
1582445316,41148
1582445316,71149
1582445316,81150
1582445317,11151
1582445317,21152
1582445317,1153
1582445317,41154
1582445317,61155
1582445317,91156
1582445317,51157
1582445317,31158
1582445317,71159
1582445317,81160
1582445318,11161
1582445318,1162
1582445318,41163
1582445318,91164
1582445318,61165
1582445318,51166
1582445318,21167
1582445318,31168
1582445318,71169
1582445318,81170
1582445319,11171
1582445319,1172
1582445319,51173
1582445319,31174
1582445319,21175
1582445319,91176
1582445319,71177
1582445319,41178
1582445319,61179
1582445319,81180
1582445320,11181
1582445320,21182
1582445320,71183
1582445320,31185
1582445320,1184
1582445320,61186
1582445320,91187
1582445320,41188
1582445320,51189
1582445320,81190
1582445321,11191
1582445321,1192
1582445321,51193
1582445321,91195
1582445321,71194
1582445321,21196
1582445321,61197
1582445321,41198
1582445321,31199
1582445321,81200
1582445322,1201
1582445322,71202
1582445322,41203
1582445322,61204
1582445322,31205
1582445322,21206
1582445322,91207
1582445322,11208
1582445322,51209
1582445322,81210
1582445323,1211
1582445323,61212
1582445323,21213
1582445323,11214
1582445323,91215
1582445323,71216
1582445323,31217
1582445323,51218
1582445323,81219
1582445323,41220
1582445324,1221
1582445324,61222
1582445324,51223
1582445324,11224
1582445324,21225
1582445324,91226
1582445324,71227
1582445324,31228
1582445324,81229
1582445324,41230
1582445325,1231
1582445325,61232
1582445325,51233
1582445325,21234
1582445325,11235
1582445325,71236
1582445325,91237
1582445325,31238
1582445325,81239
1582445325,41240
1582445326,51241
1582445326,61242
1582445326,1243
1582445326,21244
1582445326,71245
1582445326,11246
1582445326,81247
1582445326,91249
1582445326,31248
1582445326,41250
1582445327,51251
1582445327,41252
1582445327,21253
1582445327,71254
1582445327,81255
1582445327,91256
1582445327,61258
1582445327,1257
1582445327,11259
1582445327,31260
1582445328,51261
1582445328,11262
1582445328,31263
1582445328,1264
1582445328,71265
1582445328,21266
1582445328,81267
1582445328,91268
1582445328,41269
1582445328,61270
1582445329,11271
1582445329,51272
1582445329,1273
1582445329,81275
1582445329,21274
1582445329,61276
1582445329,71277
1582445329,91278
1582445329,41279
1582445329,31280
1582445330,1281
1582445330,11282
1582445330,61283
1582445330,21284
1582445330,81285
1582445330,51286
1582445330,41287
1582445330,91289
1582445330,31288
1582445330,71290
1582445331,1292
1582445331,61291
1582445331,21293
1582445331,11294
1582445331,81295
1582445331,91296
1582445331,31297
1582445331,51298
1582445331,71299
1582445331,41300
1582445332,1301
1582445332,21302
1582445332,81304
1582445332,11303
1582445332,91305
1582445332,41306
1582445332,31307
1582445332,61308
1582445332,51309
1582445332,71310
1582445333,81311
1582445333,1313
1582445333,21314
1582445333,61315
1582445333,41316
1582445333,91317
1582445333,31318
1582445333,11312
1582445333,51319
1582445333,71320
1582445334,1321
1582445334,11323
1582445334,31325
1582445334,81322
1582445334,61324
1582445334,21326
1582445334,51327
1582445334,41328
1582445334,91329
1582445334,71330
1582445335,1332
1582445335,31331
1582445335,61335
1582445335,51334
1582445335,21336
1582445335,11337
1582445335,91338
1582445335,41339
1582445335,71340
1582445335,81333
1582445336,41342
1582445336,61341
1582445336,1343
1582445336,21344
1582445336,31345
1582445336,11346
1582445336,91347
1582445336,71348
1582445336,51349
1582445336,81350
1582445337,61351
1582445337,31353
1582445337,41352
1582445337,71354
1582445337,21355
1582445337,1356
1582445337,91357
1582445337,11358
1582445337,51359
1582445337,81360
1582445338,71361
1582445338,1362
1582445338,61364
1582445338,41363
1582445338,31365
1582445338,11366
1582445338,51367
1582445338,21368
1582445338,91369
1582445338,81370
1582445339,31371
1582445339,61372
1582445339,41373
1582445339,81375
1582445339,71374
1582445339,1376
1582445339,11377
1582445339,51378
1582445339,21379
1582445339,91380
1582445340,31381
1582445340,81383
1582445340,41382
1582445340,61384
1582445340,91385
1582445340,71386
1582445340,1387
1582445340,21388
1582445340,51389
1582445340,11390
1582445341,81392
1582445341,91393
1582445341,1394
1582445341,11395
1582445341,41397
1582445341,61396
1582445341,71398
1582445341,51399
1582445341,31391
1582445341,21400
1582445342,91401
1582445342,11402
1582445342,1403
1582445342,61404
1582445342,41405
1582445342,81406
1582445342,51407
1582445342,71408
1582445342,21409
1582445342,31410
1582445343,11411
1582445343,91412
1582445343,1413
1582445343,61414
1582445343,41415
1582445343,51416
1582445343,81417
1582445343,31418
1582445343,71419
1582445343,21420
1582445344,11421
1582445344,41422
1582445344,51422
1582445344,1423
1582445344,31424
1582445344,91425
1582445344,81426
1582445344,61427
1582445344,21428
1582445344,71429
1582445345,41430
1582445345,31431
1582445345,61432
1582445345,51433
1582445345,1434
1582445345,81435
1582445345,91436
1582445345,11437
1582445345,71438
1582445345,21439
1582445346,31440
1582445346,41441
1582445346,1442
1582445346,81443
1582445346,51444
1582445346,11445
1582445346,91446
1582445346,61448
1582445346,21447
1582445346,71449
1582445347,41450
1582445347,31451
1582445347,51452
1582445347,81453
1582445347,1454
1582445347,61455
1582445347,11456
1582445347,21457
1582445347,91458
1582445347,71459
1582445348,31460
1582445348,61461
1582445348,41462
1582445348,21463
1582445348,51464
1582445348,91465
1582445348,1466
1582445348,81467
1582445348,11468
1582445348,71469
1582445349,21470
1582445349,61471
1582445349,51472
1582445349,81473
1582445349,41474
1582445349,91475
1582445349,11476
1582445349,1477
1582445349,31478
1582445349,71479
1582445350,21480
1582445350,31481
1582445350,1482
1582445350,41483
1582445350,61484
1582445350,81486
1582445350,51485
1582445350,11487
1582445350,91488
1582445350,71489
1582445351,21490
1582445351,41491
1582445351,81491
1582445351,31492
1582445351,61493
1582445351,11494
1582445351,91495
1582445351,51496
1582445351,1497
1582445351,71498
1582445352,21499
1582445352,91500
1582445352,51501
1582445352,81502
1582445352,11503
1582445352,1504
1582445352,41504
1582445352,31505
1582445352,61506
1582445352,71507
1582445353,21508
1582445353,91509
1582445353,81510
1582445353,51511
1582445353,61512
1582445353,1513
1582445353,31515
1582445353,41514
1582445353,11516
1582445353,71517
1582445354,21518
1582445354,81519
1582445354,91520
1582445354,61521
1582445354,1522
1582445354,31523
1582445354,41524
1582445354,51525
1582445354,11526
1582445354,71527
1582445355,21528
1582445355,51529
1582445355,41530
1582445355,1531
1582445355,91532
1582445355,81533
1582445355,31534
1582445355,11535
1582445355,61536
1582445355,71537
1582445356,21538
1582445356,51539
1582445356,41540
1582445356,1541
1582445356,11542
1582445356,61543
1582445356,31544
1582445356,81545
1582445356,91546
1582445356,71547
1582445357,21548
1582445357,51549
1582445357,61550
1582445357,41551
1582445357,11552
1582445357,1553
1582445357,81554
1582445357,91555
1582445357,31556
1582445357,71557
1582445358,21558
1582445358,51559
1582445358,61560
1582445358,1561
1582445358,41562
1582445358,11563
1582445358,91564
1582445358,31565
1582445358,81566
1582445358,71567
1582445359,41568
1582445359,21569
1582445359,31570
1582445359,51571
1582445359,1572
1582445359,91573
1582445359,61574
1582445359,11575
1582445359,81576
1582445359,71577
1582445360,21580
1582445360,41579
1582445360,11578
1582445360,51581
1582445360,1582
1582445360,61583
1582445360,31584
1582445360,91585
1582445360,81586
1582445360,71587
1582445361,21588
1582445361,11589
1582445361,41590
1582445361,1591
1582445361,91592
1582445361,51593
1582445361,31594
1582445361,61595
1582445361,71596
1582445361,81597
1582445362,21598
1582445362,41598
1582445362,91599
1582445362,1600
1582445362,61601
1582445362,11602
1582445362,51603
1582445362,31604
1582445362,71605
1582445362,81606
1582445363,21607
1582445363,41608
1582445363,31609
1582445363,1610
1582445363,61611
1582445363,91612
1582445363,11613
1582445363,71614
1582445363,81615
1582445363,51616
1582445364,21617
1582445364,1618
1582445364,61619
1582445364,71620
1582445364,31621
1582445364,51622
1582445364,81623
1582445364,91624
1582445364,41625
1582445364,11626
1582445365,31627
1582445365,1628
1582445365,21629
1582445365,91630
1582445365,11631
1582445365,51631
1582445365,81632
1582445365,41634
1582445365,71635
1582445365,61633
1582445366,1636
1582445366,51637
1582445366,91639
1582445366,41638
1582445366,21640
1582445366,81641
1582445366,71642
1582445366,31643
1582445366,61644
1582445366,11645
1582445367,41646
1582445367,81647
1582445367,71648
1582445367,21650
1582445367,91649
1582445367,51652
1582445367,61651
1582445367,11653
1582445367,1654
1582445367,31655
1582445368,41656
1582445368,61658
1582445368,81659
1582445368,31657
1582445368,91660
1582445368,11661
1582445368,21662
1582445368,1663
1582445368,51664
1582445368,71665
1582445369,31666
1582445369,41667
1582445369,21669
1582445369,91670
1582445369,81668
1582445369,51671
1582445369,61672
1582445369,1673
1582445369,71669
1582445369,11674
1582445370,41675
1582445370,31676
1582445370,21677
1582445370,51678
1582445370,61679
1582445370,11680
1582445370,81681
1582445370,91682
1582445370,1683
1582445370,71684
1582445371,41685
1582445371,51686
1582445371,31687
1582445371,11688
1582445371,21689
1582445371,91690
1582445371,61691
1582445371,1692
1582445371,81693
1582445371,71694
1582445372,41695
1582445372,21696
1582445372,61697
1582445372,31698
1582445372,81699
1582445372,1700
1582445372,71701
1582445372,11702
1582445372,91703
1582445372,51704
1582445373,41705
1582445373,61706
1582445373,21707
1582445373,81708
1582445373,1709
1582445373,71710
1582445373,31711
1582445373,11712
1582445373,91713
1582445373,51714
1582445374,41715
1582445374,71716
1582445374,21717
1582445374,81718
1582445374,1719
1582445374,61720
1582445374,31721
1582445374,11722
1582445374,51723
1582445374,91724
1582445375,41725
1582445375,71726
1582445375,81727
1582445375,21728
1582445375,1729
1582445375,31730
1582445375,91731
1582445375,61732
1582445375,11733
1582445375,51734
1582445376,41735
1582445376,71736
1582445376,81737
1582445376,31738
1582445376,1739
1582445376,21740
1582445376,91741
1582445376,11742
1582445376,51744
1582445376,61743
1582445377,41745
1582445377,71747
1582445377,31746
1582445377,81748
1582445377,91749
1582445377,21750
1582445377,1751
1582445377,11752
1582445377,61753
1582445377,51754
1582445378,41755
1582445378,21756
1582445378,71758
1582445378,31757
1582445378,91759
1582445378,81760
1582445378,1761
1582445378,11762
1582445378,61763
1582445378,51764
1582445379,41765
1582445379,21766
1582445379,31767
1582445379,71768
1582445379,91769
1582445379,1770
1582445379,11771
1582445379,81772
1582445379,51773
1582445379,61774
1582445380,41775
1582445380,21776
1582445380,31777
1582445380,71778
1582445380,91779
1582445380,51780
1582445380,11781
1582445380,1783
1582445380,81782
1582445380,61784
1582445381,31785
1582445381,41786
1582445381,21787
1582445381,71788
1582445381,51789
1582445381,11790
1582445381,61791
1582445381,91792
1582445381,1793
1582445381,81794
1582445382,71795
1582445382,41796
1582445382,31797
1582445382,21798
1582445382,51799
1582445382,61800
1582445382,11801
1582445382,91802
1582445382,1803
1582445382,81804
1582445383,71805
1582445383,41806
1582445383,31807
1582445383,21808
1582445383,51809
1582445383,61810
1582445383,11811
1582445383,91812
1582445383,1813
1582445383,81814
1582445384,71815
1582445384,21816
1582445384,31817
1582445384,41818
1582445384,51819
1582445384,11820
1582445384,91821
1582445384,61822
1582445384,81823
1582445384,1824
1582445385,41825
1582445385,71827
1582445385,21826
1582445385,31828
1582445385,51829
1582445385,11830
1582445385,61831
1582445385,91832
1582445385,81833
1582445385,1834
1582445386,51835
1582445386,41837
1582445386,21836
1582445386,31838
1582445386,71839
1582445386,11840
1582445386,61841
1582445386,91842
1582445386,81843
1582445386,1844
1582445387,51845
1582445387,11846
1582445387,21847
1582445387,71848
1582445387,41849
1582445387,31850
1582445387,61851
1582445387,91852
1582445387,81853
1582445387,1854
1582445388,51855
1582445388,11856
1582445388,41857
1582445388,21858
1582445388,31859
1582445388,71860
1582445388,61861
1582445388,91862
1582445389,81863
1582445389,1864
1582445389,51865
1582445389,31866
1582445389,11867
1582445389,21868
1582445389,61869
1582445389,41870
1582445390,71871
1582445390,91872
1582445390,81873
1582445390,1874
1582445391,11875
1582445391,41876
1582445391,31877
1582445391,61878
1582445391,21879
1582445391,51880
1582445391,71881
1582445391,91882
1582445391,1883
1582445391,81884
1582445392,11885
1582445392,51886
1582445392,31887
1582445392,71889
1582445392,91888
1582445392,41890
1582445392,61891
1582445392,21892
1582445392,1893
1582445392,81894
1582445393,11895
1582445393,51896
1582445393,61898
1582445393,91897
1582445393,41899
1582445393,21900
1582445393,71901
1582445393,31902
1582445393,1903
1582445393,81904
1582445394,11906
1582445394,41905
1582445394,61907
1582445394,51908
1582445394,91909
1582445394,21910
1582445394,31911
1582445394,71912
1582445394,1913
1582445394,81914
1582445395,41915
1582445395,11916
1582445395,51917
1582445395,61918
1582445395,21919
1582445395,91920
1582445395,71921
1582445395,31922
1582445395,1923
1582445395,81924
1582445396,11925
1582445396,61926
1582445396,91927
1582445396,71928
1582445396,51929
1582445396,31930
1582445396,21931
1582445396,41932
1582445396,1933
1582445396,81934
1582445397,91936
1582445397,11935
1582445397,51937
1582445397,61938
1582445397,71939
1582445397,21940
1582445397,31941
1582445397,41942
1582445397,1943
1582445397,81944
1582445398,91945
1582445398,51946
1582445398,41947
1582445398,61948
1582445398,31949
1582445398,11950
1582445398,21951
1582445398,71952
1582445398,81953
1582445398,1954
1582445399,61955
1582445399,21956
1582445399,31957
1582445399,51958
1582445399,91959
1582445399,71960
1582445399,41961
1582445399,11962
1582445399,81963
1582445399,1964
1582445400,61965
1582445400,71966
1582445400,51967
1582445400,41968
1582445400,21969
1582445400,11970
1582445400,91971
1582445400,31972
1582445400,81973
1582445400,1974
1582445401,71975
1582445401,91976
1582445401,31977
1582445401,21980
1582445401,61978
1582445401,41979
1582445401,11981
1582445401,51982
1582445401,81983
1582445401,1984
1582445402,71985
1582445402,21986
1582445402,91987
1582445402,61989
1582445402,11988
1582445402,51990
1582445402,31991
1582445402,41992
1582445402,81993
1582445402,1994
1582445403,71995
1582445403,21996
1582445403,41997
1582445403,61998
1582445403,91999
1582445403,32000
1582445403,12001
1582445403,52002
1582445403,82003
1582445403,2004
1582445404,72005
1582445404,22006
1582445404,62007
1582445404,92008
1582445404,42009
1582445404,52010
1582445404,32011
1582445404,12012
1582445404,82013
1582445404,2014
1582445405,72015
1582445405,22016
1582445405,92017
1582445405,12018
1582445405,42019
1582445405,52020
1582445405,32021
1582445405,62022
1582445405,82023
1582445405,2024
1582445406,72025
1582445406,22026
1582445406,12027
1582445406,32028
1582445406,92029
1582445406,42030
1582445406,52031
1582445406,62032
1582445406,82033
1582445406,2034
1582445407,22035
1582445407,72036
1582445407,32037
1582445407,12038
1582445407,52039
1582445407,92040
1582445407,42041
1582445407,62042
1582445407,82043
1582445407,2044
1582445408,72045
1582445408,52046
1582445408,22047
1582445408,32048
1582445408,92049
1582445408,12050
1582445408,62051
1582445408,42052
1582445408,82053
1582445408,2054
1582445409,52055
1582445409,72056
1582445409,22057
1582445409,32058
1582445409,92059
1582445409,62060
1582445409,12061
1582445409,42062
1582445409,82063
1582445409,2064
1582445410,72065
1582445410,32066
1582445410,22067
1582445410,92068
1582445410,52069
1582445410,62070
1582445410,42071
1582445410,12072
1582445410,82073
1582445410,2074
1582445411,72075
1582445411,32076
1582445411,22077
1582445411,62078
1582445411,92079
1582445411,52080
1582445411,42081
1582445411,12082
1582445411,82083
1582445411,2084
1582445412,32085
1582445412,72086
1582445412,92087
1582445412,52088
1582445412,62089
1582445412,22090
1582445412,42091
1582445412,12092
1582445412,82093
1582445412,2094
1582445413,32095
1582445413,72096
1582445413,22097
1582445413,62098
1582445413,92099
1582445413,52100
1582445413,42101
1582445413,12102
1582445413,82103
1582445413,2104
1582445414,32105
1582445414,92106
1582445414,72107
1582445414,62108
1582445414,42109
1582445414,22110
1582445414,52111
1582445414,12112
1582445414,82113
1582445414,2114
1582445415,32115
1582445415,52116
1582445415,12117
1582445415,42118
1582445415,62119
1582445415,92120
1582445415,22121
1582445415,72122
1582445415,82123
1582445415,2124
1582445416,52126
1582445416,32125
1582445416,22127
1582445416,72128
1582445416,12129
1582445416,62130
1582445416,42131
1582445416,92132
1582445416,82133
1582445416,2134
1582445417,22136
1582445417,52135
1582445417,72137
1582445417,12138
1582445417,92139
1582445417,32140
1582445417,62141
1582445417,42142
1582445417,82143
1582445417,2144
1582445418,72145
1582445418,12146
1582445418,62147
1582445418,22148
1582445418,42149
1582445418,92150
1582445418,32151
1582445418,52152
1582445418,82153
1582445418,2154
1582445419,72155
1582445419,62156
1582445419,22157
1582445419,42158
1582445419,12159
1582445419,32160
1582445419,52161
1582445419,92162
1582445419,82163
1582445419,2164
1582445420,42165
1582445420,72166
1582445420,92167
1582445420,32168
1582445420,22169
1582445420,52170
1582445420,12171
1582445420,62172
1582445420,82173
1582445420,2174
1582445421,92175
1582445421,72177
1582445421,42176
1582445421,62178
1582445421,32179
1582445421,22180
1582445421,12181
1582445421,52177
1582445421,82182
1582445421,2183
1582445422,12184
1582445422,62185
1582445422,72186
1582445422,22187
1582445422,52188
1582445422,42189
1582445422,32190
1582445422,92191
1582445422,82192
1582445422,2193
1582445423,32194
1582445423,52195
1582445423,12197
1582445423,22196
1582445423,92198
1582445423,72199
1582445423,62200
1582445423,42201
1582445423,82202
1582445423,2203
1582445424,92204
1582445424,22205
1582445424,32206
1582445424,52207
1582445424,72208
1582445424,12209
1582445424,42210
1582445424,62211
1582445424,82212
1582445424,2213
1582445425,92214
1582445425,12215
1582445425,22216
1582445425,42217
1582445425,32218
1582445425,52219
1582445425,72220
1582445425,62221
1582445425,82222
1582445425,2223
1582445426,92224
1582445426,12225
1582445426,22226
1582445426,42227
1582445426,32228
1582445426,72229
1582445426,62230
1582445426,52231
1582445426,82232
1582445426,2233
1582445427,92234
1582445427,32235
1582445427,62236
1582445427,42237
1582445427,52238
1582445427,12239
1582445427,72240
1582445427,22241
1582445427,82242
1582445427,2243
1582445428,92244
1582445428,72245
1582445428,52246
1582445428,42247
1582445428,32248
1582445428,62249
1582445428,12250
1582445428,22251
1582445428,82252
1582445428,2253
1582445429,92254
1582445429,42255
1582445429,72256
1582445429,62257
1582445429,32258
1582445429,22259
1582445429,12260
1582445429,52261
1582445429,82262
1582445429,2263
1582445430,92264
1582445430,42265
1582445430,72266
1582445430,62267
1582445430,22268
1582445430,32269
1582445430,12270
1582445430,52271
1582445430,82272
1582445430,2273
1582445431,92274
1582445431,42275
1582445431,22276
1582445431,12277
1582445431,72278
1582445431,62279
1582445431,52280
1582445431,32281
1582445431,82282
1582445431,2283
1582445432,92284
1582445432,52285
1582445432,62286
1582445432,22287
1582445432,12288
1582445432,42289
1582445432,72290
1582445432,32291
1582445432,82292
1582445432,2293
1582445433,92294
1582445433,62295
1582445433,42296
1582445433,52297
1582445433,72298
1582445433,12299
1582445433,22300
1582445433,32301
1582445433,82302
1582445433,2303
1582445434,92304
1582445434,32306
1582445434,12305
1582445434,42307
1582445434,72308
1582445434,62309
1582445434,22310
1582445434,52311
1582445434,82312
1582445434,2313
1582445435,92314
1582445435,12315
1582445435,62318
1582445435,42316
1582445435,72319
1582445435,32320
1582445435,22317
1582445435,52321
1582445435,82322
1582445435,2323
1582445436,92324
1582445436,32325
1582445436,12326
1582445436,42327
1582445436,22328
1582445436,72329
1582445436,52330
1582445436,62331
1582445436,82332
1582445436,2333
1582445437,72334
1582445437,92335
1582445437,22336
1582445437,42337
1582445437,32338
1582445437,62339
1582445437,52340
1582445437,12341
1582445437,82342
1582445437,2343
1582445438,72344
1582445438,62345
1582445438,42346
1582445438,22348
1582445438,52347
1582445438,92349
1582445438,12350
1582445438,32351
1582445438,82352
1582445438,2353
1582445439,62354
1582445439,72355
1582445439,32356
1582445439,92358
1582445439,42357
1582445439,22360
1582445439,52361
1582445439,12359
1582445439,82362
1582445439,2363
1582445440,72364
1582445440,32365
1582445440,92366
1582445440,22367
1582445440,42368
1582445440,62369
1582445440,52370
1582445440,12371
1582445440,82372
1582445440,2373
1582445441,72374
1582445441,32375
1582445441,12376
1582445441,62377
1582445441,42378
1582445441,92379
1582445441,22380
1582445441,52381
1582445441,82382
1582445441,2383
1582445442,72384
1582445442,42385
1582445442,22386
1582445442,12387
1582445442,52388
1582445442,92388
1582445442,32389
1582445442,62390
1582445442,82391
1582445442,2392
1582445443,42393
1582445443,72394
1582445443,12395
1582445443,32396
1582445443,92397
1582445443,52398
1582445443,62399
1582445443,22400
1582445443,82401
1582445443,2402
1582445444,22403
1582445444,42404
1582445444,32405
1582445444,12406
1582445444,92407
1582445444,72408
1582445444,62409
1582445444,52410
1582445444,82411
1582445444,2412
1582445445,32413
1582445445,52414
1582445445,42415
1582445445,22416
1582445445,12417
1582445445,62418
1582445445,92419
1582445445,72420
1582445445,82421
1582445445,2422
1582445446,42423
1582445446,22425
1582445446,32424
1582445446,52426
1582445446,62427
1582445446,12428
1582445446,92429
1582445446,72430
1582445446,82431
1582445446,2432
1582445447,32433
1582445447,42434
1582445447,72435
1582445447,62436
1582445447,52437
1582445447,22438
1582445447,12439
1582445447,92440
1582445447,82441
1582445447,2442
1582445448,72443
1582445448,52444
1582445448,12445
1582445448,32446
1582445448,92447
1582445448,22448
1582445448,42449
1582445448,62450
1582445448,82451
1582445448,2452
1582445449,22453
1582445449,62454
1582445449,12455
1582445449,72456
1582445449,32457
1582445449,52458
1582445449,42459
1582445449,92460
1582445449,82461
1582445449,2462
1582445450,22463
1582445450,62464
1582445450,12465
1582445450,52466
1582445450,92467
1582445450,72468
1582445450,42469
1582445450,32470
1582445450,82471
1582445450,2472
1582445451,62473
1582445451,22474
1582445451,12475
1582445451,32476
1582445451,72477
1582445451,92478
1582445451,42479
1582445451,52480
1582445451,82481
1582445451,2482
1582445452,22483
1582445452,62484
1582445452,32486
1582445452,12485
1582445452,92487
1582445452,42488
1582445452,72489
1582445452,52490
1582445452,82491
1582445452,2492
1582445453,22493
1582445453,12494
1582445453,32495
1582445453,92496
1582445453,72497
1582445453,52498
1582445453,42499
1582445453,62500
1582445453,82501
1582445453,2502
1582445454,22504
1582445454,32503
1582445454,52505
1582445454,62506
1582445454,72507
1582445454,12508
1582445454,42509
1582445454,92510
1582445454,82511
1582445454,2512
1582445455,22513
1582445455,52514
1582445455,62515
1582445455,92516
1582445455,42517
1582445455,72518
1582445455,32519
1582445455,12520
1582445455,82521
1582445455,2522
1582445456,22523
1582445456,12524
1582445456,62525
1582445456,52526
1582445456,42527
1582445456,92528
1582445456,72529
1582445456,32530
1582445456,82531
1582445456,2532
1582445457,62533
1582445457,72534
1582445457,92535
1582445457,12536
1582445457,22537
1582445457,52538
1582445457,42539
1582445457,32540
1582445457,82541
1582445457,2542
1582445458,32543
1582445458,12544
1582445458,52545
1582445458,72546
1582445458,22547
1582445458,92548
1582445458,62549
1582445458,42550
1582445458,82551
1582445458,2552
1582445459,42553
1582445459,32554
1582445459,72555
1582445459,92556
1582445459,22557
1582445459,12558
1582445459,52559
1582445459,62560
1582445459,82561
1582445459,2562
1582445460,42563
1582445460,22564
1582445460,72565
1582445460,12566
1582445460,92567
1582445460,62568
1582445460,52569
1582445460,32570
1582445460,82571
1582445460,2572
1582445461,42573
1582445461,62574
1582445461,32575
1582445461,52576
1582445461,92578
1582445461,22577
1582445461,72579
1582445461,12580
1582445461,82581
1582445461,2582
1582445462,42583
1582445462,52584
1582445462,32585
1582445462,92586
1582445462,72587
1582445462,12588
1582445462,62589
1582445462,22590
1582445462,82591
1582445462,2592
1582445463,32593
1582445463,72594
1582445463,12595
1582445463,22596
1582445463,62597
1582445463,52598
1582445463,42599
1582445463,92600
1582445463,82601
1582445463,2602
1582445464,32603
1582445464,72604
1582445464,22605
1582445464,52606
1582445464,62607
1582445464,12608
1582445464,92609
1582445464,42610
1582445464,82611
1582445464,2612
1582445465,72613
1582445465,12614
1582445465,62616
1582445465,52615
1582445465,42617
1582445465,92618
1582445465,32619
1582445465,22620
1582445465,82621
1582445465,2622
1582445466,72623
1582445466,42624
1582445466,92625
1582445466,52626
1582445466,32627
1582445466,22628
1582445466,62629
1582445466,12630
1582445466,82631
1582445466,2632
1582445467,72633
1582445467,12634
1582445467,32635
1582445467,92637
1582445467,62636
1582445467,52638
1582445467,42639
1582445467,22640
1582445467,82641
1582445467,2642
1582445468,72643
1582445468,92644
1582445468,12645
1582445468,52646
1582445468,42648
1582445468,32647
1582445468,62649
1582445468,22650
1582445468,82651
1582445468,2652
1582445469,92653
1582445469,52655
1582445469,42654
1582445469,32656
1582445469,72657
1582445469,62658
1582445469,12659
1582445469,22660
1582445469,82661
1582445469,2662
1582445470,92663
1582445470,12664
1582445470,62665
1582445470,42666
1582445470,22667
1582445470,52668
1582445470,32669
1582445470,72670
1582445470,82671
1582445470,2672
1582445471,12673
1582445471,22674
1582445471,32677
1582445471,72675
1582445471,92678
1582445471,52679
1582445471,42680
1582445471,62676
1582445471,82681
1582445471,2682
1582445472,72683
1582445472,42684
1582445472,32685
1582445472,92686
1582445472,12687
1582445472,62688
1582445472,52689
1582445472,22690
1582445472,82691
1582445472,2692
1582445473,72693
1582445473,32694
1582445473,62695
1582445473,92696
1582445473,42697
1582445473,12698
1582445473,52699
1582445473,22700
1582445473,82701
1582445473,2702
1582445474,32704
1582445474,92703
1582445474,62705
1582445474,12706
1582445474,42707
1582445474,72708
1582445474,52709
1582445474,22710
1582445474,82711
1582445474,2712
1582445475,32713
1582445475,52714
1582445475,92715
1582445475,72716
1582445475,12717
1582445475,22718
1582445475,42719
1582445475,62720
1582445475,82721
1582445475,2722
1582445476,32723
1582445476,92724
1582445476,52725
1582445476,12726
1582445476,72727
1582445476,22728
1582445476,42729
1582445476,62730
1582445476,82731
1582445476,2732
1582445477,32733
1582445477,92734
1582445477,52735
1582445477,12736
1582445477,72737
1582445477,22738
1582445477,42739
1582445477,62740
1582445477,82741
1582445477,2742
1582445478,92743
1582445478,12744
1582445478,32745
1582445478,52746
1582445478,72747
1582445478,22748
1582445478,42749
1582445478,62750
1582445478,82751
1582445478,2752
1582445479,92753
1582445479,12754
1582445479,32755
1582445479,22756
1582445479,72757
1582445479,52758
1582445479,42759
1582445479,62760
1582445479,82761
1582445479,2762
1582445480,92763
1582445480,12764
1582445480,52765
1582445480,22766
1582445480,42767
1582445480,72768
1582445480,32769
1582445480,62770
1582445480,82771
1582445480,2772
1582445481,92773
1582445481,52774
1582445481,12775
1582445481,22776
1582445481,32777
1582445481,42778
1582445481,72779
1582445481,62780
1582445481,82781
1582445481,2782
1582445482,92783
1582445482,22784
1582445482,42785
1582445482,12786
1582445482,32787
1582445482,52788
1582445482,72789
1582445482,62790
1582445482,82791
1582445482,2792
1582445483,92793
1582445483,52794
1582445483,22796
1582445483,12795
1582445483,42797
1582445483,32798
1582445483,72799
1582445483,62800
1582445483,82801
1582445483,2802
1582445484,72803
1582445484,22804
1582445484,92806
1582445484,42807
1582445484,52808
1582445484,62810
1582445484,12805
1582445484,32809
1582445484,82811
1582445484,2812
1582445485,52813
1582445485,22814
1582445485,72815
1582445485,62816
1582445485,92817
1582445485,12818
1582445485,42819
1582445485,32820
1582445485,82821
1582445485,2822
1582445486,52823
1582445486,92824
1582445486,32825
1582445486,22826
1582445486,12827
1582445486,42828
1582445486,72829
1582445486,62830
1582445486,82831
1582445486,2832
1582445487,52833
1582445487,12835
1582445487,72836
1582445487,22837
1582445487,32834
1582445487,42838
1582445487,62839
1582445487,92840
1582445487,82841
1582445487,2842
1582445488,12843
1582445488,42844
1582445488,52845
1582445488,62846
1582445488,92847
1582445488,22848
1582445488,72850
1582445488,32849
1582445488,82851
1582445488,2852
1582445489,42853
1582445489,12854
1582445489,92855
1582445489,52856
1582445489,22857
1582445489,62858
1582445489,72859
1582445489,32860
1582445489,82861
1582445489,2862
1582445490,12863
1582445490,42864
1582445490,92865
1582445490,32866
1582445490,22867
1582445490,62868
1582445490,72869
1582445490,52870
1582445490,82871
1582445490,2872
1582445491,92873
1582445491,42875
1582445491,22876
1582445491,12874
1582445491,52877
1582445491,72878
1582445491,62877
1582445491,32879
1582445491,82880
1582445491,2881
1582445492,92882
1582445492,12883
1582445492,52884
1582445492,42885
1582445492,72886
1582445492,62887
1582445492,22888
1582445492,32889
1582445492,82890
1582445492,2891
1582445493,92892
1582445493,42893
1582445493,22894
1582445493,12895
1582445493,62896
1582445493,32897
1582445493,72898
1582445493,52899
1582445493,82900
1582445493,2901
1582445494,92902
1582445494,42903
1582445494,52904
1582445494,72905
1582445494,12906
1582445494,62907
1582445494,32908
1582445494,22909
1582445494,82910
1582445494,2911
1582445495,92912
1582445495,42913
1582445495,32914
1582445495,12915
1582445495,62916
1582445495,22917
1582445495,72918
1582445495,52919
1582445495,82920
1582445495,2921
1582445496,52922
1582445496,72923
1582445496,22924
1582445496,92925
1582445496,42926
1582445496,62927
1582445496,12928
1582445496,32929
1582445496,82930
1582445496,2931
1582445497,22933
1582445497,92934
1582445497,72932
1582445497,52935
1582445497,12936
1582445497,32937
1582445497,62938
1582445497,42939
1582445497,82940
1582445497,2941
1582445498,72942
1582445498,22944
1582445498,52943
1582445498,32945
1582445498,12946
1582445498,92947
1582445498,62948
1582445498,42949
1582445498,82950
1582445498,2951
1582445499,22952
1582445499,92953
1582445499,32955
1582445499,52956
1582445499,72954
1582445499,62957
1582445499,42958
1582445499,12959
1582445499,82960
1582445499,2961
1582445500,92962
1582445500,72963
1582445500,42964
1582445500,62966
1582445500,32967
1582445500,52965
1582445500,12968
1582445500,22969
1582445500,82970
1582445500,2971
1582445501,72972
1582445501,42973
1582445501,32974
1582445501,22975
1582445501,62976
1582445501,92977
1582445501,12978
1582445501,52979
1582445501,82980
1582445501,2981
1582445502,72982
1582445502,52985
1582445502,22984
1582445502,32983
1582445502,62986
1582445502,42987
1582445502,12988
1582445502,92989
1582445502,82990
1582445502,2991
1582445503,32992
1582445503,22993
1582445503,62994
1582445503,72995
1582445503,12996
1582445503,52997
1582445503,42998
1582445503,92999
1582445503,83000
1582445503,3001
1582445504,33002
1582445504,73003
1582445504,53004
1582445504,43005
1582445504,23006
1582445504,93007
1582445504,13008
1582445504,63009
1582445504,83010
1582445504,3011
1582445505,33013
1582445505,73014
1582445505,93012
1582445505,43016
1582445505,23015
1582445505,13017
1582445505,63018
1582445505,53019
1582445505,83020
1582445505,3021
1582445506,73022
1582445506,23023
1582445506,33024
1582445506,13025
1582445506,43026
1582445506,53027
1582445506,93028
1582445506,63029
1582445506,83030
1582445506,3031
1582445507,33032
1582445507,53033
1582445507,63034
1582445507,93035
1582445507,73033
1582445507,23036
1582445507,13038
1582445507,43037
1582445507,83039
1582445507,3040
1582445508,53041
1582445508,73042
1582445508,33043
1582445508,63044
1582445508,23045
1582445508,93046
1582445508,43047
1582445508,13048
1582445508,83049
1582445508,3050
1582445509,53051
1582445509,93052
1582445509,33053
1582445509,43054
1582445509,63055
1582445509,13056
1582445509,73057
1582445509,23058
1582445509,83059
1582445509,3060
1582445510,33061
1582445510,73062
1582445510,93063
1582445510,13064
1582445510,63065
1582445510,43066
1582445510,53067
1582445510,23068
1582445510,83069
1582445510,3070
1582445511,33071
1582445511,93072
1582445511,63073
1582445511,13074
1582445511,73075
1582445511,43076
1582445511,53077
1582445511,23078
1582445511,83079
1582445511,3080
1582445512,33081
1582445512,23082
1582445512,63083
1582445512,13084
1582445512,73085
1582445512,43086
1582445512,53087
1582445512,93088
1582445512,83089
1582445512,3090
1582445513,33091
1582445513,23092
1582445513,73094
1582445513,63093
1582445513,93095
1582445513,13096
1582445513,43097
1582445513,53098
1582445513,83099
1582445513,3100
1582445514,33101
1582445514,13102
1582445514,53103
1582445514,73104
1582445514,93105
1582445514,23106
1582445514,43107
1582445514,63108
1582445514,83109
1582445514,3110
1582445515,33111
1582445515,53112
1582445515,43113
1582445515,13114
1582445515,73115
1582445515,23116
1582445515,63117
1582445515,93118
1582445515,83119
1582445515,3120
1582445516,13121
1582445516,33121
1582445516,73122
1582445516,93123
1582445516,43124
1582445516,53125
1582445516,23126
1582445516,63127
1582445516,83128
1582445516,3129
1582445517,23130
1582445517,33131
1582445517,93132
1582445517,63133
1582445517,13134
1582445517,73135
1582445517,53136
1582445517,43137
1582445517,83138
1582445517,3139
1582445518,93141
1582445518,33140
1582445518,13142
1582445518,23141
1582445518,53143
1582445518,43144
1582445518,73145
1582445518,63146
1582445518,83147
1582445518,3148
1582445519,33149
1582445519,23150
1582445519,43151
1582445519,13152
1582445519,53153
1582445519,93154
1582445519,73155
1582445519,63156
1582445519,83157
1582445519,3158
1582445520,33159
1582445520,73160
1582445520,63161
1582445520,93162
1582445520,53163
1582445520,13164
1582445520,23165
1582445520,43166
1582445520,83167
1582445520,3168
1582445521,33169
1582445521,13171
1582445521,53170
1582445521,93172
1582445521,73174
1582445521,63173
1582445521,23175
1582445521,43176
1582445521,83177
1582445521,3178
1582445522,33179
1582445522,43180
1582445522,63181
1582445522,23182
1582445522,13183
1582445522,93184
1582445522,53185
1582445522,73186
1582445522,83187
1582445522,3188
1582445523,33189
1582445523,43191
1582445523,93190
1582445523,53192
1582445523,23193
1582445523,13194
1582445523,63195
1582445523,73196
1582445523,83197
1582445523,3198
1582445524,23200
1582445524,13202
1582445524,33199
1582445524,53201
1582445524,93203
1582445524,43204
1582445524,73205
1582445524,63206
1582445524,83207
1582445524,3208
1582445525,33209
1582445525,13210
1582445525,23211
1582445525,93212
1582445525,73213
1582445525,43214
1582445525,63215
1582445525,53216
1582445525,83217
1582445525,3218
1582445526,33219
1582445526,13220
1582445526,53221
1582445526,73222
1582445526,43223
1582445526,63224
1582445526,23225
1582445526,93226
1582445526,83227
1582445526,3228
1582445527,33229
1582445527,63230
1582445527,73231
1582445527,13232
1582445527,53233
1582445527,43234
1582445527,93235
1582445527,23236
1582445527,83237
1582445527,3238
1582445528,33239
1582445528,93240
1582445528,53241
1582445528,23242
1582445528,43243
1582445528,63244
1582445528,13245
1582445528,73246
1582445528,83247
1582445528,3248
1582445529,43250
1582445529,33251
1582445529,53249
1582445529,93252
1582445529,13253
1582445529,63255
1582445529,73254
1582445529,23256
1582445529,83257
1582445529,3258
1582445530,43259
1582445530,13260
1582445530,93261
1582445530,63262
1582445530,53263
1582445530,33264
1582445530,23265
1582445530,73266
1582445530,83267
1582445530,3268
1582445531,93269
1582445531,13270
1582445531,73272
1582445531,33273
1582445531,23271
1582445531,63274
1582445531,53275
1582445531,43276
1582445531,83277
1582445531,3278
1582445532,93279
1582445532,13280
1582445532,33279
1582445532,73280
1582445532,53282
1582445532,23284
1582445532,63283
1582445532,43281
1582445532,83285
1582445532,3286
1582445533,93287
1582445533,23288
1582445533,53289
1582445533,33290
1582445533,73291
1582445533,63292
1582445533,13293
1582445533,43294
1582445533,83295
1582445533,3296
1582445534,23297
1582445534,93299
1582445534,63298
1582445534,53303
1582445534,43304
1582445534,33300
1582445534,13301
1582445534,73302
1582445534,83305
1582445534,3306
1582445535,93307
1582445535,43308
1582445535,63309
1582445535,23309
1582445535,53310
1582445535,33311
1582445535,13312
1582445535,73313
1582445535,83314
1582445535,3315
1582445536,63316
1582445536,43318
1582445536,93317
1582445536,73319
1582445536,33320
1582445536,53321
1582445536,23322
1582445536,13323
1582445536,83324
1582445536,3325
1582445537,53326
1582445537,93328
1582445537,13327
1582445537,73330
1582445537,33329
1582445537,63331
1582445537,43332
1582445537,23333
1582445537,83334
1582445537,3335
1582445538,23336
1582445538,53337
1582445538,73338
1582445538,13339
1582445538,43340
1582445538,63341
1582445538,33342
1582445538,93343
1582445538,83344
1582445538,3345
1582445539,23346
1582445539,73347
1582445539,33348
1582445539,43349
1582445539,53350
1582445539,93351
1582445539,13352
1582445539,63353
1582445539,83354
1582445539,3355
1582445540,43356
1582445540,73357
1582445540,63358
1582445540,23359
1582445540,93360
1582445540,33361
1582445540,53362
1582445540,13363
1582445540,83364
1582445540,3365
1582445541,43366
1582445541,23367
1582445541,63368
1582445541,73369
1582445541,33370
1582445541,53371
1582445541,93372
1582445541,13373
1582445541,83374
1582445541,3375
1582445542,23376
1582445542,73377
1582445542,43378
1582445542,93379
1582445542,63380
1582445542,13381
1582445542,53382
1582445542,33383
1582445542,83384
1582445542,3385
1582445543,23386
1582445543,93387
1582445543,73388
1582445543,33389
1582445543,13390
1582445543,63391
1582445543,43392
1582445543,53393
1582445543,83394
1582445543,3395
1582445544,23396
1582445544,63397
1582445544,93398
1582445544,33399
1582445544,43400
1582445544,13401
1582445544,53403
1582445544,73402
1582445544,83404
1582445544,3405
1582445545,23406
1582445545,43407
1582445545,73409
1582445545,13408
1582445545,63410
1582445545,93411
1582445545,53412
1582445545,33413
1582445545,83414
1582445545,3415
1582445546,43416
1582445546,63417
1582445546,73418
1582445546,13419
1582445546,93420
1582445546,33421
1582445546,23422
1582445546,53423
1582445546,83424
1582445546,3425
1582445547,43426
1582445547,93427
1582445547,13428
1582445547,63429
1582445547,73430
1582445547,23431
1582445547,53432
1582445547,33433
1582445547,83434
1582445547,3435
1582445548,43436
1582445548,33437
1582445548,73438
1582445548,13439
1582445548,63440
1582445548,93441
1582445548,23442
1582445548,53443
1582445548,83444
1582445548,3445
1582445549,43446
1582445549,33447
1582445549,63448
1582445549,23449
1582445549,73450
1582445549,93451
1582445549,53452
1582445549,13453
1582445549,3454
1582445549,83454
1582445550,43455
1582445550,23456
1582445550,73457
1582445550,53458
1582445550,13459
1582445550,93460
1582445550,33461
1582445550,63462
1582445550,3463
1582445550,83464
1582445551,23465
1582445551,13466
1582445551,73467
1582445551,63470
1582445551,33471
1582445551,53469
1582445551,93468
1582445551,43472
1582445551,3473
1582445551,83474
1582445552,13475
1582445552,73476
1582445552,23477
1582445552,93478
1582445552,33479
1582445552,53480
1582445552,43481
1582445552,63482
1582445552,3483
1582445552,83484
1582445553,93485
1582445553,13486
1582445553,73487
1582445553,33488
1582445553,53489
1582445553,63490
1582445553,43491
1582445553,23492
1582445553,83493
1582445553,3494
1582445554,73495
1582445554,93496
1582445554,13497
1582445554,33498
1582445554,53499
1582445554,43500
1582445554,23501
1582445554,63502
1582445554,83503
1582445554,3504
1582445555,63506
1582445555,43505
1582445555,53507
1582445555,93508
1582445555,73509
1582445555,13510
1582445555,33511
1582445555,23512
1582445555,83513
1582445555,3514
1582445556,33515
1582445556,93516
1582445556,43517
1582445556,63518
1582445556,53519
1582445556,13520
1582445556,73521
1582445556,23522
1582445556,83523
1582445556,3524
1582445557,33526
1582445557,53527
1582445557,63525
1582445557,43528
1582445557,13530
1582445557,73529
1582445557,23531
1582445557,93532
1582445557,83533
1582445557,3534
1582445558,33535
1582445558,43537
1582445558,23536
1582445558,73538
1582445558,93540
1582445558,53539
1582445558,13541
1582445558,63542
1582445558,83543
1582445558,3544
1582445559,33545
1582445559,53547
1582445559,43546
1582445559,93548
1582445559,73549
1582445559,13550
1582445559,63551
1582445559,23552
1582445559,83553
1582445559,3554
1582445560,43555
1582445560,33556
1582445560,13557
1582445560,93558
1582445560,73559
1582445560,23560
1582445560,53561
1582445560,63562
1582445560,83563
1582445560,3564
1582445561,13565
1582445561,23566
1582445561,73568
1582445561,93569
1582445561,33567
1582445561,63570
1582445561,53571
1582445561,43572
1582445561,83573
1582445561,3574
1582445562,53576
1582445562,63577
1582445562,93578
1582445562,43579
1582445562,73580
1582445562,33581
1582445562,13582
1582445562,23575
1582445562,83583
1582445562,3584
